{
  "packageName": "bitpay",
  "packageDescription": "Secure Bitcoin Wallet",
  "packageNameId": "com.bitpay.wallet",
  "themeColor": "#2A3F90",
  "userVisibleName": "BitPay",
  "purposeLine": "Secure Bitcoin Wallet",
  "bundleName": "wallet",
  "appUri": "bitpay",
  "name": "bitpay",
  "nameNoSpace": "bitpay",
  "nameCase": "BitPay",
  "nameCaseNoSpace": "BitPay",
  "gitHubRepoName": "copay",
  "gitHubRepoUrl": "git://github.com/bitpay/copay.git",
  "gitHubRepoBugs": "https://github.com/bitpay/copay/issues",
  "disclaimerUrl": "",
  "url": "https://bitpay.com",
  "appDescription": "Secure Bitcoin Wallet",
  "winAppName": "BitPayWallet",
  "WindowsStoreIdentityName": "18C7659D.BitPaySecureBitcoinWallet",
  "WindowsStoreDisplayName": "BitPay - Secure Bitcoin Wallet",
  "windowsAppId": "2d1002d7-ee34-4f60-bd29-0c871ba0c195",
  "pushSenderId": "1036948132229",
  "description": "Secure Bitcoin Wallet",
  "version": "4.6.0",
  "androidVersion": "46000002",
  "_extraCSS": null,
  "_enabledExtensions": {
    "coinbase": true,
    "glidera": true,
    "debitcard": true,
    "amazon": true,
    "mercadolibre": true,
    "shapeshift": true
  }
}
