<?xml version='1.0' encoding='utf-8'?>
<widget id="com.bitpay.*BUNDLENAME*"
  version="*VERSION*"
  android-versionCode="*ANDROIDVERSION*"
  ios-CFBundleVersion="*VERSION*">
    <name>*USERVISIBLENAME*</name>
    <description>
      *PURPOSELINE*
    </description>
    <author email="support@bitpay.com" href="*URL*">
        BitPay Inc.
    </author>
    <content src="index.html" />
    <access origin="*" />

    <preference name="AndroidPersistentFileLocation" value="Internal" />
    <preference name="iosPersistentFileLocation" value="Library" />
    <preference name="DisallowOverscroll" value="true"/>
    <preference name="HideKeyboardFormAccessoryBar" value="true"/>

    <preference name="BackupWebStorage" value="none"/>
    <preference name="Orientation" value="default" />
    <preference name="cordova-custom-config-stoponerror" value="true" />

    <preference name="StatusBarBackgroundColor" value="*THEMECOLOR*" />
    <preference name="StatusBarOverlaysWebView" value="true" />
    <preference name="StatusBarStyle" value="lightcontent" />

    <preference name="ShowSplashScreenSpinner" value="false" />
    <preference name="AutoHideSplashScreen" value="false" />
    <preference name="FadeSplashScreen" value="true" />
    <preference name="FadeSplashScreenDuration" value="200" />
    <preference name="SplashMaintainAspectRatio" value="true" />
    <preference name="loadUrlTimeoutValue" value="60000" />

    <!-- Android Version: Lollipop 5.1 (API Level 22) or higher -->
    <preference name="android-minSdkVersion" value="22" />

    <!-- iOS 10.3 or higher -->
    <preference name="deployment-target" value="10.3" />

    <!-- Supported Platforms -->
    <engine name="android" spec="7.1.0" />
    <engine name="ios" spec="4.5.4" />

    <!-- Plugins -->
    <plugin name="cordova-clipboard" spec="1.1.1" />
    <plugin name="cordova-plugin-android-fingerprint-auth" spec="1.4.2" />
    <plugin name="cordova-plugin-device" spec="2.0.1" />
    <plugin name="cordova-plugin-globalization" spec="1.0.9" />
    <plugin name="cordova-plugin-qrscanner" spec="2.5.0" />
    <plugin name="cordova-plugin-splashscreen" spec="5.0.2" />
    <plugin name="cordova-plugin-statusbar" spec="2.4.2" />
    <plugin name="cordova-plugin-inappbrowser" spec="2.0.2" />
    <plugin name="cordova-plugin-touch-id" spec="3.3.1" />
    <plugin name="cordova-plugin-whitelist" spec="1.3.3" />
    <plugin name="cordova-plugin-x-socialsharing" spec="5.3.2" />
    <plugin name="cordova-plugin-x-toast" spec="2.6.0" />
    <plugin name="ionic-plugin-keyboard" spec="2.2.1" />
    <plugin name="cordova-plugin-screen-orientation" spec="3.0.1" />
    <plugin name="im.ltdev.cordova.UserAgent" spec="https://github.com/danielsogl/cordova-plugin-useragent.git" />

    <plugin name="cordova-plugin-spinner-dialog" spec="1.3.1" />
    <plugin name="cordova-plugin-dialogs" spec="2.0.1" />
    <plugin name="cordova-plugin-network-information" spec="2.0.1" />
    <plugin name="cordova-plugin-uniquedeviceid" spec="1.3.2" />
    <plugin name="cordova-plugin-vibration" spec="3.1.0" />
    <plugin name="cordova-plugin-file" spec="6.0.1" />
    <plugin name="cordova-custom-config" spec="5.0.2" />
    <plugin name="cordova-plugin-customurlscheme" spec="https://github.com/cmgustavo/Custom-URL-scheme.git#v4.0">
      <variable name="URL_SCHEME" value="bitcoin" />
      <variable name="SECOND_URL_SCHEME" value="*APPURI*" />
      <variable name="THIRD_URL_SCHEME" value="bitcoincash" />
    </plugin>
    <plugin name="cordova-plugin-fcm" spec="https://github.com/cmgustavo/cordova-plugin-fcm.git#v4.0" />

    <plugin name="cordova-plugin-ionic-webview" spec="1.1.16" />

    <!-- Platform Specific Settings -->
    <platform name="ios">
      <config-file platform="ios" target="*-Info.plist" parent="UIStatusBarHidden"><true/></config-file>
      <config-file platform="ios" target="*-Info.plist" parent="UIViewControllerBasedStatusBarAppearance"><false/></config-file>
      <config-file target="*-Info.plist" parent="ITSAppUsesNonExemptEncryption"><false/></config-file>

      <config-file platform="ios" target="*-Info.plist" parent="LSApplicationQueriesSchemes">
        <array>
          <string>whatsapp</string>
          <string>fb</string>
          <string>twitter</string>
        </array>
      </config-file>

      <icon src="resources/*PACKAGENAME*/ios/icon/icon-60@3x.png" width="180" height="180" />
      <icon src="resources/*PACKAGENAME*/ios/icon/icon-60.png" width="60" height="60" />
      <icon src="resources/*PACKAGENAME*/ios/icon/icon-60@2x.png" width="120" height="120" />
      <icon src="resources/*PACKAGENAME*/ios/icon/icon-76.png" width="76" height="76" />
      <icon src="resources/*PACKAGENAME*/ios/icon/icon-76@2x.png" width="152" height="152" />
      <icon src="resources/*PACKAGENAME*/ios/icon/icon-83.5@2x.png" width="167" height="167" />
      <icon src="resources/*PACKAGENAME*/ios/icon/icon-40.png" width="40" height="40" />
      <icon src="resources/*PACKAGENAME*/ios/icon/icon-40@2x.png" width="80" height="80" />
      <icon src="resources/*PACKAGENAME*/ios/icon/icon.png" width="57" height="57" />
      <icon src="resources/*PACKAGENAME*/ios/icon/icon@2x.png" width="114" height="114" />
      <icon src="resources/*PACKAGENAME*/ios/icon/icon-72.png" width="72" height="72" />
      <icon src="resources/*PACKAGENAME*/ios/icon/icon-72@2x.png" width="144" height="144" />
      <icon src="resources/*PACKAGENAME*/ios/icon/icon-small.png" width="29" height="29" />
      <icon src="resources/*PACKAGENAME*/ios/icon/icon-small@2x.png" width="58" height="58" />
      <icon src="resources/*PACKAGENAME*/ios/icon/icon-small@3x.png" width="87" height="87" />
      <icon src="resources/*PACKAGENAME*/ios/icon/icon-50.png" width="50" height="50" />
      <icon src="resources/*PACKAGENAME*/ios/icon/icon-50@2x.png" width="100" height="100" />
      <icon src="resources/*PACKAGENAME*/ios/app-store/icon-1024.png" width="1024" height="1024" />

      <splash src="resources/*PACKAGENAME*/ios/splash/Default@2x~universal~anyany.png" />
      <splash src="resources/*PACKAGENAME*/ios/splash/Default@3x~universal~anyany.png" />

      <allow-navigation href="*" />
    </platform>

    <platform name="android">
      <preference name="android-manifest/application/@android:allowBackup" value="false" />

      <icon src="resources/*PACKAGENAME*/android/icon/drawable-ldpi-icon.png" density="ldpi" />
      <icon src="resources/*PACKAGENAME*/android/icon/drawable-mdpi-icon.png" density="mdpi" />
      <icon src="resources/*PACKAGENAME*/android/icon/drawable-hdpi-icon.png" density="hdpi" />
      <icon src="resources/*PACKAGENAME*/android/icon/drawable-xhdpi-icon.png" density="xhdpi" />
      <icon src="resources/*PACKAGENAME*/android/icon/drawable-xxhdpi-icon.png" density="xxhdpi" />
      <icon src="resources/*PACKAGENAME*/android/icon/drawable-xxxhdpi-icon.png" density="xxxhdpi" />

      <splash src="resources/*PACKAGENAME*/android/splash/drawable-land-hdpi-screen.png" density="land-hdpi"/>
      <splash src="resources/*PACKAGENAME*/android/splash/drawable-land-ldpi-screen.png" density="land-ldpi"/>
      <splash src="resources/*PACKAGENAME*/android/splash/drawable-land-mdpi-screen.png" density="land-mdpi"/>
      <splash src="resources/*PACKAGENAME*/android/splash/drawable-land-xhdpi-screen.png" density="land-xhdpi"/>
      <splash src="resources/*PACKAGENAME*/android/splash/drawable-land-xxhdpi-screen.png" density="land-xxhdpi"/>
      <splash src="resources/*PACKAGENAME*/android/splash/drawable-land-xxxhdpi-screen.png" density="land-xxxhdpi"/>

      <splash src="resources/*PACKAGENAME*/android/splash/drawable-port-hdpi-screen.png" density="port-hdpi"/>
      <splash src="resources/*PACKAGENAME*/android/splash/drawable-port-ldpi-screen.png" density="port-ldpi"/>
      <splash src="resources/*PACKAGENAME*/android/splash/drawable-port-mdpi-screen.png" density="port-mdpi"/>
      <splash src="resources/*PACKAGENAME*/android/splash/drawable-port-xhdpi-screen.png" density="port-xhdpi"/>
      <splash src="resources/*PACKAGENAME*/android/splash/drawable-port-xxhdpi-screen.png" density="port-xxhdpi"/>
      <splash src="resources/*PACKAGENAME*/android/splash/drawable-port-xxxhdpi-screen.png" density="port-xxxhdpi"/>
    </platform>
  </widget>
