{
  "packageName": "copay",
  "packageDescription": "Copay Bitcoin Wallet",
  "packageNameId": "com.bitpay.copay",
  "themeColor": "#192c3a",
  "userVisibleName": "Copay",
  "purposeLine": "Copay Bitcoin Wallet",
  "bundleName": "copay",
  "appUri": "copay",
  "name": "copay",
  "nameNoSpace": "copay",
  "nameCase": "Copay",
  "nameCaseNoSpace": "Copay",
  "gitHubRepoName": "copay",
  "gitHubRepoUrl": "git://github.com/bitpay/copay.git",
  "gitHubRepoBugs": "https://github.com/bitpay/copay/issues",
  "disclaimerUrl": "https://copay.io/disclaimer",
  "url": "https://copay.io",
  "appDescription": "Copay Bitcoin Wallet",
  "winAppName": "CopayWallet",
  "WindowsStoreIdentityName": "18C7659D.Copay-SecureBitcoinWallet",
  "WindowsStoreDisplayName": "Copay - Secure Bitcoin Wallet",
  "windowsAppId": "804636ee-b017-4cad-8719-e58ac97ffa5c",
  "pushSenderId": "1036948132229",
  "description": "A Secure Bitcoin Wallet",
  "version": "4.6.0",
  "androidVersion": "46000002",
  "_extraCSS": null,
  "_enabledExtensions": {
    "coinbase": true,
    "glidera": true,
    "debitcard": false,
    "amazon": true,
    "mercadolibre": true,
    "shapeshift": true
  }
}
