{
  "$schema": "./node_modules/@angular/cli/lib/config/schema.json",
  "project": {
    "name": "copay"
  },
  "apps": [
    {
      "root": "src",
      "outDir": "dist",
      "assets": ["assets", "favicon.ico"],
      "index": "index.html",
      "main": "app/main.ts",
      "polyfills": "polyfills.ts",
      "test": "test.ts",
      "tsconfig": "./tsconfig.json",
      "testTsconfig": "tsconfig.spec.json",
      "prefix": "app",
      "scripts": [],
      "environmentSource": "environments/environment.ts",
      "environments": {
        "dev": "environments/environment.ts",
        "prod": "environments/environment.prod.ts"
      }
    }
  ],
  "e2e": {
    "protractor": {
      "config": "test/protractor.conf.js"
    }
  },
  "lint": [
    {
      "project": "src/tsconfig.spec.json",
      "exclude": "**/node_modules/**"
    },
    {
      "project": "test/e2e/tsconfig.e2e.json",
      "exclude": "**/node_modules/**"
    }
  ],
  "test": {
    "karma": {
      "config": "test/karma.conf.js"
    },
    "codeCoverage": {
      "exclude": [
        "src/polyfills.ts",
        "src/test.ts",
        "src/mocks.ts",
        "**/*.mock.ts",
        "**/node_modules/**"
      ]
    }
  },
  "defaults": {
    "styleExt": "css",
    "component": {}
  }
}
